slang,threshold
เผือก,1.036235955
แกง,1.026278758
เท,1.011084284
ลำไย,1.019752541
บูด,1.007683912
ปัง,1.019089835
